{
  "project_info": {
    "project_number": "81863317621",
    "firebase_url": "https://login-page-c704e.firebaseio.com",
    "project_id": "login-page-c704e",
    "storage_bucket": "login-page-c704e.appspot.com"
  },
  "client": [
    {
      "client_info": {
        "mobilesdk_app_id": "1:81863317621:android:b270ba1a730f23b95b403c",
        "android_client_info": {
          "package_name": "com.example.loginandsignuppage"
        }
      },
      "oauth_client": [
        {
          "client_id": "81863317621-mvbp6l8fsfsfseuus9712ua5s263udl2.apps.googleusercontent.com",
          "client_type": 1,
          "android_info": {
            "package_name": "com.example.loginandsignuppage",
            "certificate_hash": "3208660694eea3c1615c7c3790729f0ee97a8a64"
          }
        },
        {
          "client_id": "81863317621-6b43qoq86c97mt9mku4erf23b9b17mmv.apps.googleusercontent.com",
          "client_type": 3
        }
      ],
      "api_key": [
        {
          "current_key": "AIzaSyDvZmxtkcclSZDAa_nX2mhZKllKWVrOrtA"
        }
      ],
      "services": {
        "appinvite_service": {
          "other_platform_oauth_client": [
            {
              "client_id": "81863317621-6b43qoq86c97mt9mku4erf23b9b17mmv.apps.googleusercontent.com",
              "client_type": 3
            }
          ]
        }
      }
    }
  ],
  "configuration_version": "1"
}